{
    "0": {
        "keyframes": [],
        "rotationSpeed": 90.0,
        "speed": 50.0
    },
    "1": {
        "keyframes": [
            {
                "pitch": -23.700014114379883,
                "px": 201.26812744140625,
                "py": 346.8827819824219,
                "pz": 417.23663330078125,
                "yaw": 219.59971618652344
            },
            {
                "pitch": -16.600021362304688,
                "px": 362.0711669921875,
                "py": 346.8827819824219,
                "pz": 197.635498046875,
                "yaw": 208.69898986816406
            },
            {
                "pitch": -16.000019073486328,
                "px": 465.0106506347656,
                "py": 346.8827819824219,
                "pz": -147.58154296875,
                "yaw": 186.4977569580078
            },
            {
                "pitch": -16.400020599365234,
                "px": 438.149658203125,
                "py": 346.8827819824219,
                "pz": -463.66363525390625,
                "yaw": 163.39671325683594
            }
        ],
        "rotationSpeed": 90.0,
        "speed": 50.0
    },
    "2": {
        "keyframes": [],
        "rotationSpeed": 90.0,
        "speed": 50.0
    },
    "3": {
        "keyframes": [],
        "rotationSpeed": 90.0,
        "speed": 50.0
    },
    "4": {
        "keyframes": [],
        "rotationSpeed": 90.0,
        "speed": 50.0
    },
    "5": {
        "keyframes": [],
        "rotationSpeed": 90.0,
        "speed": 50.0
    },
    "6": {
        "keyframes": [],
        "rotationSpeed": 90.0,
        "speed": 50.0
    },
    "7": {
        "keyframes": [],
        "rotationSpeed": 90.0,
        "speed": 50.0
    },
    "8": {
        "keyframes": [],
        "rotationSpeed": 90.0,
        "speed": 50.0
    },
    "9": {
        "keyframes": [],
        "rotationSpeed": 90.0,
        "speed": 50.0
    }
}